Valen,15.34
Ulisses,40.62
Tywana,13.42
Tyriek,9.89
Tyrece,10.59
Tynan,8.45
Tylan,3.49
Tyeesha,15.55
Tyeasha,10.45
Tya,7.22
Travers,14.29
Cederic,10.02
Tong,3.65
Min,1.84
Lebron,6.24
Kollin,7.27
Kaileen,7.07
Hiliary,7.37
Jad,13.52
Tomy,5.06
Telly,2.53
Kirsti,1.27
Verne,0.64
Shanese,0.33
Rea,0.17
Joh,0.09
Jenniferann,6.36
Keary,6.98
Tocara,2.07
Lavetta,1.10
Viktor,0.61
Rozanna,8.22
Katiana,9.43
Timithy,2.96
Kellin,8.26
Latron,7.69
Crystalee,0.43
Ahren,8.11
Tikisha,2.96
Eugina,1.52
Shelbey,0.79
Kristia,0.43
Christeen,5.95
Olivier,9.69
Thi,4.35
Shalandra,14.48
Gaelan,1.10
Brionne,0.56
Jennife,4.75
Eda,4.62
Calan,8.63
Marnee,3.68
Terresa,1.68
Matthieu,0.96
Laqueena,10.28
Terral,4.35
Alnisa,2.19
Tauna,1.10
Nafis,7.37
Mitzy,0.29
Dontavius,0.16
Cristela,6.06
Tereka,1.68
Monchel,0.96
Taquia,6.79
Tedd,2.96
Khang,1.52
Jones,4.89
Abeer,7.62
Chauntel,10.09
Tavarius,2.96
Kearra,1.52
Jerson,6.41
Deliah,0.43
Kateria,12.83
Kensey,9.66
Taunya,15.21
Joelene,1.84
Danta,0.94
Donetta,0.49
Cigi,0.26
Tashawn,13.65
Flannery,1.52
Laresa,2.60
Dashia,0.43
Georgie,10.30
Ames,6.46
Tarynn,2.30
Sherrica,1.22
Marshae,0.68
Lyndsee,7.02
Taquilla,2.07
Kenzi,1.10
Shemica,0.61
Ruddy,10.37
Silva,9.75
Tanessa,2.96
Rashunda,1.52
Zan,10.28
Cleophus,0.43
Zana,9.13
Latrica,4.31
Taiwan,1.68
Kewanna,10.22
Rj,8.68
Heston,8.70
Tabithia,2.30
Mikhael,1.22
Lamorris,7.40
Jamarl,12.26
Sydnie,2.07
Sherrelle,1.10
Varonica,0.61
Jawanna,11.94
Pattie,11.77
Swati,5.06
Rut,2.53
Marvina,1.27
Jun,0.64
Clarisse,6.11
Babatunde,5.86
Jarmar,7.34
Jeffifer,3.91
Storm,1.68
Darline,0.96
Tiffanny,4.61
Lorenda,4.56
Steward,1.51
Yomara,0.87
Luci,8.76
Irina,5.30
Kelan,13.41
Sophy,5.78
Naveen,2.89
Marialuisa,1.45
Lesha,0.73
Kashena,0.37
Kamau,0.19
Yahya,0.10
Faris,6.48
Rika,5.14
Siomara,1.51
Chadley,0.87
Breland,4.37
Myka,13.28
Sintia,5.06
Osha,2.53
Clarrisa,1.27
Tata,7.45
Sumner,0.33
Rasheida,0.17
Delphine,0.09
Shanieka,16.91
Tuyen,5.27
Sinead,2.30
Emmet,1.22
Brighid,10.01
Kammie,12.01
Kolleen,7.68
Shyann,2.07
Shaneen,8.57
Feather,0.61
Marcanthony,9.39
Gwynne,10.23
Shraga,8.05
Shoshannah,2.66
Neomi,1.36
Cartez,0.71
Shadeed,0.39
Bodie,7.30
Maja,14.96
Shirlene,2.07
Jalynn,12.43
Sinclair,5.39
Sable,14.04
Montanna,12.17
Shimeka,4.35
Shenise,2.19
Janaye,9.24
Aldrich,0.56
Yonatan,0.29
Karilynn,1.97
Mischa,5.98
Shermaine,2.30
Shady,1.22
Mirtha,0.68
Sherine,1.51
Seng,0.87
Sherea,2.66
Dinora,1.36
Talmage,0.71
Letasha,8.16
Halima,8.84
Shenia,2.66
Tonimarie,5.45
Matty,8.54
Ginnie,0.39
Naaman,10.71
Jannel,7.71
Shean,2.96
Jemima,6.93
Gwendolynn,8.26
Marylu,8.25
Shazia,3.28
Samanthajo,1.66
Alphonzo,0.85
Tequita,0.44
Kawanda,2.05
Estanislao,7.93
Shaynna,3.65
Marah,7.26
Rainy,0.94
Khristine,10.33
Fradel,9.58
Latish,14.84
Jaylon,8.54
Shaylin,3.65
Chrissa,1.84
Ammy,3.07
Phillipe,0.49
Danella,0.26
Keevin,3.65
Leng,7.74
Shaya,2.96
Klarissa,1.52
Hillarie,0.79
Semaj,0.43
Mehdi,13.86
Lesia,13.04
Shavanna,5.06
Lenee,2.53
Terisa,1.27
Sherrika,5.10
Shardee,0.33
Lin,3.29
Jasimine,0.09
Bette,6.73
Teasha,7.94
Shauntell,2.96
Sharna,1.52
Maylin,0.79
Iban,3.55
Shatora,4.35
Shaquala,2.19
Piotr,1.10
Jujuan,0.56
Shastina,0.16
Trapper,4.64
Sharrod,1.68
Rahmel,0.96
Dai,7.54
Sharri,2.07
Chioma,4.22
Cosmo,0.61
Granville,7.21
Sharea,1.68
Chenise,0.96
Sandor,4.63
Imad,9.08
Shamon,3.65
Yousif,1.84
Shenee,0.94
Devion,0.49
Dayvon,0.26
Lashika,6.84
Shalia,9.99
Shameca,4.35
Nary,2.19
Lorretta,1.10
Lequita,0.56
Denese,0.29
Gizelle,4.62
Klaus,7.93
Jury,4.89
Shallon,2.30
Sesar,4.34
Dariel,0.68
Shalamar,2.07
Shakeisha,12.18
Shatika,0.61
Vic,6.38
Farris,14.65
Shaketta,2.96
Prudence,1.52
Natale,0.79
Hashim,7.97
Jovonda,13.32
Shakeela,5.78
Navin,2.89
Konstantina,1.45
Javar,0.73
Vina,0.37
Ronette,0.19
Deleon,0.05
Jamichael,9.32
Shaindy,3.65
Reannon,1.84
Nuvia,0.94
Aqueelah,0.49
Tracyann,4.02
Feras,10.16
Shahid,4.35
Hellen,2.19
Astin,1.10
Ruperto,0.56
Laurina,6.14
Jennessa,3.38
Kirbi,9.95
Shahara,1.08
Shadrick,2.66
Cecila,1.36
Tosh,0.71
Minette,12.56
Chadric,10.80
Saulo,2.96
Socrates,1.52
Maija,0.79
Laytoya,0.43
Keron,4.88
Keiko,3.61
Satoya,1.68
Keagan,0.96
Lateasha,4.98
Roshaunda,6.21
Sarahi,2.96
Tully,1.52
Sharli,0.79
Sameul,4.35
Lovette,2.19
Laquinton,1.10
Joane,0.56
Ronnisha,5.07
Nirali,0.16
Samad,1.08
Sadaf,2.66
Lamia,1.36
Felipa,3.83
Deanglo,0.39
Latresha,9.77
Tramel,4.73
Sabre,1.51
Jenalyn,4.34
Durwin,0.96
Ry,1.51
Delecia,0.87
Roshell,3.65
Lakeita,1.84
Joye,0.94
Dorrell,0.49
Darlyn,0.26
Rosaline,1.68
Orren,0.96
Krissi,5.17
Romaine,2.30
Timisha,1.22
Tiffinie,0.68
Latitia,10.32
Rivky,0.98
Yuriana,4.43
Jenia,13.23
Riane,5.78
Lydon,2.89
Teresha,1.45
Nyeshia,0.73
Goerge,5.41
Emy,0.19
Emmily,3.22
Digna,0.05
Jerami,8.54
Rekeisha,3.28
Juluis,1.66
Calais,0.85
Vana,0.44
Lamond,0.24
Lark,4.75
Reana,2.30
Raizy,1.22
Montie,3.80
Rayshun,1.68
Ladarrius,0.96
Raynell,3.65
Maylene,1.84
Karleigh,4.06
Karee,5.91
Eula,2.07
Roshanna,7.52
Rayne,3.91
Micaella,1.97
Marylin,0.99
Kennan,0.50
Katrinia,0.26
Faiza,0.14
Leaann,12.63
Rayanne,3.65
Jozette,1.84
Anthea,6.79
Tel,0.49
Raya,4.35
Natavia,2.19
Manish,1.10
Mahala,0.56
Merica,0.29
Janan,7.41
Valena,8.73
Ranee,2.96
Deatrice,1.52
Arelys,0.79
Danh,5.22
Kreig,9.24
Raisa,4.35
Naeemah,2.19
Kiira,1.10
Kalinda,6.57
Wilford,0.29
Lawonda,1.97
Rahiem,4.35
Natarsha,2.19
Katieann,1.10
Eliel,0.56
Caila,0.29
Phung,0.16
Quinlan,1.68
Hollye,0.96
Philipp,2.30
Kameka,4.44
Dayla,0.68
Philippa,2.96
Calvina,1.52
Austyn,0.79
Mayda,0.43
Meloney,5.63
Perrin,2.07
Sigourney,1.10
Lisett,8.81
Jacquilyn,7.70
Osualdo,1.08
Eduard,2.68
Orlanda,1.08
Hina,6.90
Oracio,4.35
Korrin,2.19
Jonette,1.10
Desha,0.56
Rajeev,0.29
Ivori,7.41
Oneil,3.65
Neale,1.84
Keenon,0.94
Johnhenry,4.99
Wren,10.04
Omid,3.65
Demonica,0.94
Mariaguadalupe,0.26
Odis,2.30
Donnette,3.03
Najwa,0.68
Hinda,7.26
Norvell,2.96
Terez,1.52
Shella,0.79
Nuria,0.43
Ravon,5.54
Laniece,7.85
Noland,2.96
Nasreen,1.52
Reshawn,0.79
Lasean,0.43
Fatina,4.75
Noella,2.30
Jennifier,1.22
Jenah,0.68
Jakeb,5.91
Ellisa,4.08
Nitasha,1.68
Niraj,1.51
Jamill,9.94
Philemon,2.10
Nikea,1.08
Vivianna,3.81
Shandria,9.57
Nicloe,3.65
Arnetta,1.84
Chessie,0.26
Katye,7.20
Nery,1.51
Cherina,0.87
Nekeisha,2.96
Marwa,1.52
Dezaray,0.43
Natlie,5.06
Lissete,2.53
Demone,1.27
Averi,0.64
Aimie,7.87
Daysi,0.09
Shariff,11.48
Natesha,5.06
Candas,2.53
Brycen,1.27
Zaid,0.64
Nocole,8.33
Iran,6.60
Danitza,0.09
Katilyn,6.81
Nashira,2.96
Amisha,1.52
Darneshia,0.43
Kandise,9.11
Nalani,4.35
Celinda,2.19
Terrina,11.06
Sherria,0.56
Delinda,0.16
Naida,2.66
Meggen,1.36
Lacrystal,0.71
Heena,5.17
Nahum,5.78
Kristalyn,2.89
Filipe,1.45
Sereena,0.37
Santia,0.19
Nieshia,0.10
Jeronica,1.86
Zaira,6.59
Jenean,5.79
Nadim,2.07
Clem,1.10
Dimitris,0.61
Gaurav,7.33
Halli,8.78
Munir,4.35
Javin,2.19
Jammi,1.10
Carma,0.56
Monae,2.30
Jimmylee,0.68
Jetta,9.81
Moise,4.35
Jehu,8.77
Gessica,1.10
Resha,0.56
Krislyn,3.41
Dessa,0.16
Misa,2.66
Tyechia,0.71
Laurena,0.39
Thuan,10.31
Michaelangelo,2.96
Ileen,1.52
Lenae,3.91
Katalina,3.55
Michaelene,5.14
Meyer,2.30
Doneisha,0.68
Mellanie,2.96
Kristien,1.52
Shannette,0.79
Dovie,0.43
Melena,3.65
Zedrick,1.84
Taniya,0.49
Renna,0.26
Melaney,2.30
Ragina,1.22
Courteney,0.68
Meesha,2.96
Lekia,1.52
Ikeem,0.79
Ellice,0.43
Jameika,11.68
Matther,2.96
Maryn,1.52
Donella,0.43
Marvel,2.30
Rolonda,1.22
Marry,6.50
Maghen,3.25
Laquanna,1.63
Calisha,4.82
Osiris,7.46
Jamile,5.95
Jamiee,1.86
Ferris,5.88
Marqueta,6.50
Marceline,3.25
Dynasty,1.63
Shamra,0.41
Ladawna,0.21
Fernandez,6.77
Cornelio,0.03
Marlea,2.07
Latrelle,1.10
Beckie,0.61
Jazzlyn,4.89
Marisabel,2.30
Hermes,1.22
Gidget,0.68
Lakeyia,10.50
Maricruz,3.65
Unknown,1.84
Sanna,0.49
Demarquis,0.26
Marcin,1.08
Makala,5.06
Venice,1.27
Sokha,5.94
Nikolos,0.33
Lanay,0.17
Felishia,9.93
Majid,2.96
Germany,1.52
Cyndy,0.43
Maire,2.96
Lashonta,1.52
Kendon,0.79
Jw,0.43
Elzie,7.54
Maigan,3.65
Fadi,6.88
Brit,0.94
Wil,0.49
Tarvis,0.26
Maida,2.96
Ilyse,8.62
Hezekiah,2.77
Lyndia,2.07
Lenita,1.10
Daphnee,0.61
Flavia,8.55
Donesha,8.65
Ludivina,2.96
Kandas,1.52
Kammy,3.87
Lovie,3.65
Edlyn,1.84
Donzell,6.04
Catherina,0.26
Anastasios,4.20
Lord,4.35
Leiah,2.19
Latroya,1.10
Johnisha,0.56
Donivan,0.29
Elsbeth,0.16
Linna,3.65
Lavaris,1.84
Taryne,0.94
Osmar,0.49
Leshaun,0.26
Lindsee,2.96
Diara,0.43
Lexy,1.51
Auburn,0.87
Kemper,7.21
Letesha,1.51
Lerin,2.30
Kindel,1.22
Dian,0.68
Leoncio,0.98
Johnnetta,3.21
Gabrial,8.62
Etan,6.14
Lawton,2.30
Sherif,1.22
Lavonte,3.65
Charda,0.94
Donia,0.26
Keishia,2.49
Laurinda,1.08
Laurice,3.65
Harland,1.84
Justeen,4.06
Jamail,0.49
Latrease,2.30
Eddrick,1.22
Eberardo,0.68
Latisa,2.30
Atavia,1.22
Nyasia,0.68
Lataisha,3.65
Lady,1.84
Khaliah,0.94
Fredrica,0.26
Laranda,4.35
Jessicah,2.19
Jacqulynn,0.29
Ephriam,3.28
Lanise,4.35
Cesilia,2.19
Yamile,1.10
Ronel,0.29
Makeba,0.16
Laketha,2.66
Dezeray,0.71
Dallan,0.39
Buffy,10.82
Shawntavia,6.14
Lakendria,2.30
Rashaud,1.22
Ladell,3.58
Lakeeta,1.68
Daphnie,0.96
Kyria,1.68
Senaida,0.96
Leaha,1.94
Krisandra,2.96
Wali,1.52
Crystalann,0.43
Marwan,5.98
Mariette,4.89
Kirstyn,2.30
Shanesha,1.22
Kimbely,3.65
Dwaun,1.84
Lisaann,0.94
Dorion,0.49
Conway,0.26
Kilee,3.65
Telina,1.84
Sian,0.94
Naketa,0.49
Kenith,1.86
Kalandra,4.95
Kian,2.30
Ciana,1.22
Shantai,0.68
Kevyn,1.68
Terilyn,0.96
Kerilyn,3.65
Karessa,1.84
Darran,0.94
Demont,0.26
Kalila,6.81
Kenon,2.96
Demeka,0.79
Columbus,0.43
Kendrea,1.08
Orly,1.10
Elbony,6.46
Kelleen,9.95
Shilah,0.71
Rozanne,0.39
Quartez,4.95
Keilah,2.30
Shakeitha,1.22
Nishant,0.68
Kegan,2.96
Stehanie,1.52
Salma,0.79
Dutch,0.43
Gretel,0.96
Travion,5.25
Kawan,2.30
Chistina,1.22
Chesney,0.68
Angila,0.87
Daneen,2.53
Tyna,1.27
Shermeka,0.64
Jurell,0.17
Darlena,0.09
Katiejo,6.81
Nazia,0.79
Murad,5.73
Katalin,2.75
Kamber,1.08
Juanantonio,3.65
Rockie,0.94
Donnielle,0.26
Grayling,6.48
Jinna,1.51
Jacquie,0.87
Ji,2.30
Dorthea,1.22
Faheem,7.49
Nichalas,3.03
Jerame,1.68
Mikaila,6.30
Jeanell,2.30
Anas,1.22
Sharetta,0.68
Jazma,3.28
Kamika,1.66
Jeorge,6.70
Eian,3.56
Corinda,0.24
Habib,4.45
Jannell,1.51
Jamerson,2.96
Shardea,2.60
Dannon,1.84
Isla,2.07
Jaelyn,1.08
Jacorey,3.65
Brandii,0.94
Nhan,0.49
Mynor,0.26
Yasser,8.81
Jackqueline,8.33
Augustina,1.52
Arlis,0.79
Parag,0.43
Rupert,5.97
Husain,2.30
Denitra,1.22
Hoda,2.30
Ferrell,4.34
Ellsworth,3.80
Tresha,1.52
Sherin,0.79
Carmilla,1.52
Hernando,1.51
Lajuana,0.87
Henna,1.68
Burl,3.09
Graydon,5.73
Heba,2.30
Latyra,2.49
Delwyn,0.61
Gigi,2.07
Rosevelt,1.10
Gibson,2.07
Derrian,1.10
Abimael,0.61
Elizabth,1.97
Gibran,1.08
Wolfgang,7.42
Florian,2.30
Debi,0.68
Caralyn,3.13
Erskine,0.98
Erickson,4.35
Diontae,2.19
Cyntia,1.10
Domanique,0.16
Elmo,3.35
Simcha,1.10
Czarina,0.61
Donovon,4.35
Charletta,2.19
Tarran,1.10
Stacye,0.56
Megon,0.29
Frederico,3.91
Domingue,1.68
Taneika,0.96
Dierdre,0.98
Diandre,1.51
Derika,2.66
Dalilah,0.39
Demitri,4.35
Ronetta,1.10
Perez,0.56
Elon,0.16
Delray,2.07
Luan,1.10
Davi,1.68
Dat,3.65
Aundria,1.84
Yehudah,0.94
Tanica,0.49
Steele,0.26
Dashawna,1.68
Danie,0.96
Darrious,6.76
Algernon,1.22
Dillion,0.68
Zoltan,1.22
Shaquitta,0.68
Cornelious,2.96
Reynolds,1.52
Katerine,0.79
Coralee,3.28
Shatonya,1.66
Rudolf,0.85
Renne,0.44
Doni,0.24
Marleny,4.64
Constantino,1.68
Letoria,0.96
Kristee,4.34
Cheston,1.68
Charmane,1.68
Dereka,0.96
Kareena,5.97
Charisa,2.30
Destanie,0.68
Ercia,5.54
Andreanna,1.22
Brinson,2.96
Tyris,1.52
Tashema,0.79
Georgeann,6.28
Branigan,2.96
Anntoinette,1.52
Beverley,1.68
Katrese,0.96
Azalia,4.35
Alok,2.19
Sherene,1.10
Mithcell,0.56
Avid,1.68
Archana,2.30
Jessicaann,0.68
Antoniette,2.96
Leeandra,0.79
Ellisha,0.43
Anise,2.96
Yu,1.52
Ambyr,1.51
Amaury,0.98
Alika,2.07
Shanara,1.10
Kandiss,5.07
Alese,2.96
Selma,1.52
Dmario,0.43
Jalena,3.91
Saadia,0.96
Agostino,2.96
Mazen,1.52
Chrysta,0.43
Adric,2.30
Kylea,4.34
Kendyll,0.68
Ginia,3.03
Shayda,1.52
Keshana,5.25
Demarko,0.43
Natan,1.52
Joany,0.79
Chiquitta,0.43
Witney,1.51
Welton,0.87
Oziel,0.96
Nachum,1.22
Trinette,4.35
Sheanna,2.19
Lenette,0.56
Jiles,3.28
Ivon,2.91
Torris,1.08
Tiphany,0.98
Thierry,2.07
Theodor,1.10
Teyona,1.08
Gerod,2.45
Tashiana,1.08
Tanay,1.51
Rachana,0.87
Katelynne,4.34
Shawntelle,1.68
Cricket,0.96
Shauntelle,1.51
Shatera,1.68
Ivorie,0.96
Sayed,5.06
Detric,0.33
Davaughn,0.17
Corene,0.09
Saxon,1.08
Sanam,2.07
Dominga,0.61
Joshwa,0.87
Rosann,3.65
Randolf,1.84
Raffi,0.94
Delois,0.26
Ronee,1.68
Levell,2.77
Richrd,5.42
Jermone,0.68
Richad,1.51
Rakeisha,1.08
Phuoc,1.08
Jeremian,2.60
Phallon,1.08
Perfecto,1.08
Peng,1.68
Nichoel,2.30
Dameion,1.22
Constantina,0.68
Maressa,2.96
Lakina,1.52
Dorell,0.43
Licia,2.30
Lang,1.68
Labrandon,1.08
Keala,1.08
Kaven,1.68
Crystol,0.87
Doninique,0.61
Griselle,1.08
Cystal,0.98
Cushena,1.51
Cortina,0.87
Cristyn,1.08
Christien,0.98
