Tereka,0.83
Valen,32.46
Kamber,0.34
Torris,0.34
Nishant,0.34
Matthieu,1.27
Ulisses,0.84
Shaindy,1.03
Natan,0.11
Ellisa,0.06
Shean,0.96
Rosaline,1.74
Tywana,2.43
Terisa,0.27
Shamra,0.13
Kaven,0.07
Cleophus,0.03
Prudence,0.96
Tyriek,0.79
Breland,0.32
Stehanie,0.32
Shenia,1.08
Rivky,0.99
Tyrece,0.77
Lakendria,0.71
Dashawna,0.11
Faheem,0.06
Sophy,0.96
Shoshannah,1.52
Tynan,1.68
Daneen,0.19
Yehudah,0.1
Krislyn,0.05
Natlie,1.37
Matther,1.63
Tylan,1.19
Raya,1.06
Chadric,0.16
Tyna,0.08
Kalila,0.04
Gaurav,0.02
Sable,1.63
Saulo,0.73
Tyeesha,0.65
Doninique,0.25
Lissete,1.28
Sharrod,0.73
Tyeasha,3.09
Thierry,0.28
Naaman,0.28
Tong,1.23
Nahum,1.53
Moise,1.85
Tya,1.11
Charletta,0.22
Reshawn,0.11
Laniece,0.06
foreandr,10.15
Travers,1.83
Marvina,1.79
Bodie,0.33
Lajuana,0.33
Ellisha,0.33
Diara,0.33
Tramel,2.53
Naeemah,1.2
Brighid,0.28
Latish,0.28
Swati,1.25
Kiira,1.16
Mahala,0.66
Katalin,0.34
Johnhenry,0.34
Hezekiah,0.34
Rekeisha,1.19
Seng,1.89
Tomy,1.09
Kenon,0.83
Kemper,1.37
Jerame,0.09
Maryn,0.04
Jury,0.02
Chiquitta,0.01
Tocara,0.74
Tonimarie,0.34
Mariaguadalupe,0.34
Jenalyn,0.34
Samad,1.13
Timithy,1.22
Marvel,0.35
Tully,0.35
Rj,0.35
Elizabth,0.35
Laquinton,0.71
Tikisha,0.34
Neomi,0.78
Austyn,0.34
Ronetta,0.34
Meggen,0.84
Taquilla,0.78
Thi,0.72
Hoda,0.32
Constantina,0.32
Meyer,2.08
Terresa,1.09
Naveen,1.56
Averi,0.18
Tanica,0.09
Shatika,0.04
Merica,0.02
Kareena,0.01
Lanise,1.23
Terral,0.43
Zana,0.22
Yu,0.11
Ruperto,0.06
Ladarrius,0.66
Nitasha,0.86
Maricruz,1.21
Chadley,0.35
Nafis,0.35
Siomara,0.9
Sydnie,1.85
Telly,1.13
Shauntell,0.86
Rika,0.16
Maylene,0.08
Luan,0.04
Justeen,0.02
Sharea,1.1
Tedd,1.45
Heba,0.28
Jeronica,0.28
Micaella,0.81
Tavarius,0.54
Jones,0.28
Imad,0.28
Marceline,1.53
Sherrica,1.17
Taunya,0.89
Valena,0.18
Orly,0.1
Shyann,1.98
Tashawn,1.44
Shalandra,0.77
Kammie,0.18
Labrandon,0.09
Janan,0.04
Ferrell,0.02
Darlyn,0.01
Kennan,0.55
Tarynn,0.9
Makala,0.91
Latroya,0.66
Sherif,0.32
Marshae,0.32
Manish,1.2
Tanessa,1.21
Sinead,0.5
Gibson,0.11
Witney,0.06
Nashira,0.66
Taiwan,0.77
Kalandra,0.32
Jacquilyn,0.32
Kristien,0.77
Tabithia,0.83
Filipe,0.34
Sesar,0.34
Majid,0.88
Teyona,0.22
Rockie,0.11
Perfecto,0.06
Maghen,1.44
Janaye,0.27
Cornelious,0.13
Nuria,0.07
Chesney,0.03
Shahid,1.15
Storm,0.77
Odis,0.98
Vic,0.32
Leaann,0.32
Cherina,0.32
Noland,1.15
Steward,1.73
Lyndia,0.6
Lequita,0.64
Ry,0.66
Meloney,0.32
Laurice,0.69
Jalynn,0.37
Renna,0.37
Keala,0.37
Ellsworth,0.37
Natale,0.97
Marialuisa,0.66
Sintia,0.66
Florian,0.32
Lakina,0.32
Nuvia,0.46
Quinlan,0.57
Angila,0.35
Agostino,0.35
Kamika,0.35
Dessa,0.35
Lovette,0.39
Timisha,0.28
Reannon,1.5
Shirlene,1.02
Laquanna,0.45
Jenia,0.07
Nhan,0.03
Latrelle,0.98
Shimeka,1.16
Jazma,0.18
Alika,0.1
Sherrelle,0.63
Nalani,0.63
Jujuan,0.35
Terez,0.35
Shermaine,1.25
Henna,0.37
Denitra,0.37
Alok,0.37
Shakeitha,0.37
Michaelene,0.37
Sherine,0.75
Yomara,0.3
Marnee,0.3
Demarquis,0.3
Rashunda,1.89
Sabre,0.79
Sherea,0.82
Astin,0.28
Senaida,0.28
Shenise,2.48
Maigan,0.37
Leoncio,0.74
Joelene,0.04
Richrd,0.02
Joshwa,0.01
Raizy,0.13
Sameul,0.6
Shardea,0.32
Hashim,0.32
Shazia,0.82
Gibran,0.37
Erskine,0.37
Demeka,0.37
Columbus,0.37
Christeen,0.37
Delwyn,0.37
Shaynna,0.63
Laketha,0.55
Tauna,0.35
Shanese,0.35
Khang,0.35
Khaliah,0.69
Shaylin,0.6
Shaya,0.62
Edlyn,0.3
Davi,0.3
Kawanda,0.3
Shavanna,0.86
Brinson,0.27
Shariff,0.13
Shanara,0.07
Letoria,0.03
Shatora,1.63
Kirstyn,1.2
Avid,0.34
Lebron,0.34
Digna,0.12
Kenzi,0.76
Rahmel,1.82
Sharri,1.13
Anthea,0.16
Roshanna,0.08
Dovie,0.04
Delphine,0.02
Kimbely,0.59
Terilyn,0.13
Ginia,0.07
Dorell,0.03
Shaquala,0.34
Nicloe,0.85
Nasreen,0.66
Shady,0.34
Melena,1.51
Shamon,1.23
Burl,0.16
Andreanna,0.08
Laytoya,0.04
Dalilah,0.02
Kevyn,0.99
Shameca,0.47
Eula,0.13
Shallon,1.04
Mischa,0.32
Ladawna,0.16
Doneisha,0.08
Dimitris,0.04
Destanie,0.02
Keilah,0.42
Shalamar,0.77
Maida,1.18
Shaketta,0.66
Parag,0.22
Megon,0.11
Dayla,0.06
Latisa,0.6
Shakeisha,0.77
Dameion,0.28
Nadim,0.69
Shakeela,0.19
Michaelangelo,0.79
Linna,0.47
Rut,1.86
Philippa,1.04
Shahara,1.42
Kian,1.21
Hernando,0.35
Dezeray,0.35
Lexy,0.69
Shadrick,0.85
Yonatan,0.32
Kandise,0.32
Fadi,0.19
Brit,0.1
Hina,0.05
Kegan,0.62
Archana,0.34
Chessie,0.34
Satoya,0.66
Kammy,0.32
Danella,0.32
Mellanie,0.69
Sarahi,1.03
Munir,1.32
Misa,0.82
Tashema,0.37
Sokha,0.37
Mynor,0.37
Jarmar,0.37
Roshell,0.92
Rasheida,0.28
Norvell,0.7
Samanthajo,0.97
Krisandra,1.21
Buffy,0.35
Peng,0.35
Kreig,0.35
Radhika,1.8
Chrissa,0.32
Shantai,0.16
Mithcell,0.08
Lawonda,0.04
Flavia,0.02
Ranee,0.6
Sadaf,1.51
Aldrich,0.32
Zan,0.32
Jozette,0.28
Jamile,0.28
Husain,0.35
Shella,0.35
Nocole,0.35
Eduard,0.35
Jazzlyn,0.13
Nikea,0.85
Piotr,0.79
Latresha,1.32
Donia,0.34
Romaine,0.66
Tequita,0.34
Sanna,0.34
Dayvon,0.34
Riane,1.01
Jenah,0.35
Wil,0.35
Gwendolynn,0.35
Dorion,0.35
Klarissa,1.29
Keenon,0.22
Kandas,0.11
Cartez,0.06
Rahiem,1.07
Reana,0.43
Anas,0.06
Rayshun,1.33
Emmet,0.1
Eddrick,0.05
Chauntel,0.02
Socrates,0.01
Lindsee,1.23
Raynell,0.71
Kalinda,0.22
Dinora,0.11
Lin,0.06
Rayne,0.86
Tel,0.37
Phuoc,0.37
Kameka,0.37
Rayanne,0.5
Taquia,0.13
Marylin,1.2
Rainy,0.22
Feather,0.11
Cigi,0.06
Cecila,0.28
Halli,0.28
Raisa,1.09
Demone,0.32
Nichalas,0.16
Maressa,0.08
Kelan,0.04
Dontavius,0.02
Clem,0.3
Yuriana,0.3
Yousif,0.3
Nary,1.02
Maire,1.18
Kawan,0.22
Jammi,0.11
Coralee,0.06
Jacorey,0.37
Candas,0.37
Beverley,0.37
Shawntelle,0.37
Cricket,0.37
Kirsti,0.4
Tiphany,0.32
Sherrika,0.16
Shauntelle,0.08
Shanesha,0.04
Crystalann,0.02
Philipp,0.78
Korrin,0.28
Perrin,1.33
Marlea,0.69
Joane,0.35
Heston,0.35
Gaelan,0.35
Lenita,0.6
Osualdo,1.18
Faris,0.32
Daphnie,0.32
Osha,0.75
Sheanna,0.28
Lisaann,0.28
Naida,0.69
Orlanda,1.01
Catherina,0.35
Venice,0.35
Leeandra,0.35
Griselle,0.35
Oracio,1.3
Lisett,0.37
Calais,0.08
Donnielle,0.04
Danitza,0.02
Oneil,1.03
Juanantonio,0.37
Caralyn,0.37
Welton,0.37
Darline,0.37
Dariel,0.37
Omid,1.1
Lamia,0.25
Laurinda,0.57
Lenee,0.63
Jetta,0.35
Donzell,0.35
Sayed,0.35
Arnetta,0.11
Christien,0.06
Noella,0.53
Kashena,0.32
Sherin,0.32
Niraj,0.34
Dorrell,0.34
Demitri,0.34
Alnisa,0.34
Denese,0.32
Shadeed,0.32
Meesha,0.91
Nery,0.94
Laurina,0.28
Nekeisha,0.65
Hermes,0.37
Kristia,0.37
Fredrica,0.37
Neale,0.35
Laranda,1.21
Jamarl,0.35
Jeffifer,0.35
Jamiee,0.35
Lyndsee,1.71
Navin,0.97
Jerami,0.27
Ileen,0.13
Resha,0.07
Durwin,0.03
Natesha,1.31
Keary,0.34
Shilah,0.34
Jerson,0.34
Natavia,1.01
Katieann,0.35
Shardee,0.35
Sanam,0.35
Natarsha,1.0
Anastasios,0.18
Kendyll,0.1
Monchel,2.09
Carma,0.37
Shaquitta,0.37
Ronnisha,0.37
Fatina,0.37
Taniya,0.34
Reynolds,0.34
Laurena,0.18
Gerod,0.1
Myka,0.34
Marwan,0.34
Crystol,0.34
Atavia,0.5
Teasha,0.5
Ilyse,0.5
Daphnee,0.5
Lakeita,1.23
Lataisha,1.08
Delray,0.11
Jamill,0.06
Marwa,0.64
Monae,0.98
Saadia,0.32
Johnisha,0.43
Jessicah,0.21
Derika,0.1
Mazen,0.05
Karilynn,0.02
Doni,0.01
Klaus,1.03
Marcin,0.84
Clarisse,0.1
Melaney,0.69
Branigan,0.32
Chrysta,0.32
Kyria,0.69
Lady,0.61
Cesilia,0.35
Calisha,0.35
Gwynne,0.35
Dynasty,0.32
Dereka,0.32
Kateria,0.37
Derrian,0.37
Yasser,0.37
Tyechia,0.37
Ronel,0.37
Lawton,1.4
Donesha,0.22
Cristela,0.11
Chistina,0.06
Jaelyn,0.34
Elmo,0.34
Desha,0.34
Harland,0.34
Aqueelah,0.34
Shandria,0.34
Cederic,0.32
Marry,0.66
Lord,1.0
Theodor,0.34
Katalina,0.34
Marqueta,1.52
Ikeem,0.21
Dorthea,0.1
Alphonzo,0.05
Nikolos,0.02
Jannel,0.01
Marisabel,0.52
Brycen,0.13
Gigi,0.34
Diontae,0.34
Orren,0.34
Kirbi,0.66
Marah,0.58
Etan,0.13
Jamerson,0.18
Chioma,0.1
Danh,0.32
Jovonda,0.32
Lovie,1.72
Diandre,0.16
Charmane,0.08
Jiles,0.04
Jeorge,0.02
Lavonte,1.44
Lydon,0.8
Vivianna,0.27
Habib,0.13
Elbony,0.07
Crystalee,0.03
Ludivina,0.61
Vana,0.35
Kollin,0.35
Kearra,0.35
Estanislao,0.35
Hollye,0.11
Dutch,0.06
Lorretta,0.66
Tanay,0.34
Olivier,0.34
Delinda,0.34
Babatunde,0.27
Ravon,0.13
Nazia,0.07
Emmily,0.03
Letesha,0.79
Jun,0.34
Jonette,0.34
Iran,0.34
Lesha,0.98
Demonica,0.32
Georgeann,0.32
Lerin,0.34
Konstantina,0.44
Yahya,0.1
Mayda,0.32
Jeremian,0.32
Sandor,0.28
Lekia,0.65
Vina,0.37
Phallon,0.37
Halima,0.37
Leiah,1.2
Kilee,0.69
Jacquie,0.18
Charda,0.09
Arelys,0.04
Sian,0.02
Shatonya,0.01
Nirali,0.27
Gabrial,0.13
Delois,0.07
Dallan,0.03
Lavetta,0.62
Keshana,0.34
Katilyn,0.34
Ferris,0.34
Lavaris,0.66
Kellin,0.84
Semaj,0.1
Trapper,0.32
Rea,0.32
Isla,0.1
Zaira,0.32
Ginnie,0.32
Latrease,1.2
Elzie,0.18
Cornelio,0.1
Lashonta,0.79
Shastina,0.18
Luci,0.1
Jannell,0.37
Oziel,0.37
Nyasia,0.37
Mariette,0.37
Ephriam,0.37
Lakeeta,0.86
Kamau,0.27
Sereena,0.13
Saxon,0.07
Richad,0.03
Lacrystal,1.72
Jehu,0.22
Tiffinie,0.11
Jw,0.06
Kerilyn,0.55
Eliel,0.34
Alese,0.34
Kristalyn,1.39
Celinda,0.32
Elsbeth,0.32
Jeanell,0.22
Gretel,0.11
Marylu,0.06
Jinna,0.27
Faiza,0.13
Eugina,0.07
Davaughn,0.03
Katiejo,0.18
Granville,0.1
Kendrea,0.52
Cheston,0.13
Kelleen,1.0
Hillarie,0.34
Clarrisa,0.34
Antoniette,0.34
Keagan,0.22
Trinette,0.12
Katye,0.34
Wilford,0.34
Shannette,0.34
Kewanna,0.34
Katrinia,0.28
Salma,0.28
Darlena,0.28
Karessa,0.34
Algernon,0.34
Abimael,0.34
Kenith,0.34
Juluis,0.32
Tarvis,0.32
Selma,0.32
Lesia,0.32
Latrica,0.32
Joye,0.32
Darran,0.32
Dai,0.32
Ji,0.54
Brandii,0.27
Shenee,0.13
Lamorris,0.07
Dmario,0.03
Jennifier,0.24
Shaneen,0.13
Javin,0.43
Ronette,0.22
Leng,0.11
Donella,0.06
Javar,0.43
Domingue,0.22
Sharli,0.11
Rolonda,0.06
Jameika,0.24
Perez,0.13
Jackqueline,0.28
Ladell,0.28
Irina,0.28
Hinda,0.32
Lakeyia,0.32
Daysi,0.32
Hiliary,0.32
Osiris,0.32
Kandiss,0.32
Hellen,0.21
Grayling,0.34
Anntoinette,0.34
Ahren,0.34
Jermone,0.34
Gidget,0.64
Zedrick,0.32
Shanieka,0.16
Roshaunda,0.08
Dillion,0.04
Corinda,0.02
Gessica,0.34
Mehdi,0.34
Jenean,0.34
Demarko,0.34
Germany,0.25
Maylin,0.25
Georgie,0.28
Constantino,0.28
Flannery,0.21
Erickson,0.43
Jakeb,0.22
Feras,0.11
Demont,0.06
Ellice,0.34
Calan,0.18
Corene,0.1
Dwaun,0.15
Donovon,0.34
Dierdre,0.34
Terrina,0.34
Jad,0.34
Donnette,0.32
Cystal,0.32
Cushena,0.32
Donivan,0.25
Emy,0.25
Deatrice,0.34
Ruddy,0.18
Mikaila,0.1
Dat,0.34
Aimie,0.34
Rosevelt,0.34
Eda,0.34
Darrious,0.37
Ciana,0.37
Aundria,0.37
Abeer,0.37
Sherria,0.37
Minette,0.37
Marleny,0.37
Danta,0.34
Krissi,0.18
Debi,0.1
Dannon,0.28
Felipa,0.28
Cyntia,0.32
Nachum,0.32
Makeba,0.32
Chenise,0.28
Laqueena,0.28
Charisa,0.25
Latitia,0.25
Carmilla,0.21
Calvina,0.21
Caila,0.24
Jenniferann,0.13
Brionne,0.3
Lenae,0.16
Detric,0.08
Bette,0.24
Gizelle,0.13
Beckie,0.43
Travion,0.22
Ivorie,0.11
Fradel,0.06
Azalia,0.43
Tashiana,0.22
Naketa,0.11
Keron,0.06
Augustina,0.28
Jamichael,0.28
Auburn,0.34
Rudolf,0.18
Domanique,0.1
Arlis,0.28
Keiko,0.28
Anise,0.35
Amisha,0.35
Shraga,0.35
Rakeisha,0.35
Mirtha,0.35
Ammy,0.28
Cortina,0.28
Ames,0.24
Sinclair,0.13
Ambyr,0.43
Rashaud,0.22
Mitzy,0.11
Courteney,0.06
Amaury,0.32
Leaha,0.32
Johnnetta,0.32
Adric,0.28
Danie,0.28
Zoltan,0.34
Iban,0.18
Dezaray,0.1
Zaid,0.24
Taneika,0.13
Yamile,0.24
Kindel,0.13
Wren,0.28
Jalena,0.28
Wolfgang,0.24
Rajeev,0.13
Wali,0.34
Tata,0.34
Sharna,0.34
Keishia,0.34
Viktor,0.32
Letasha,0.32
Lark,0.32
Verne,0.34
Unknown,0.18
Tuyen,0.1
Varonica,0.32
Tarran,0.32
Nyeshia,0.32
Tyris,0.24
Ivon,0.13
Tresha,0.24
Eberardo,0.13
Tracyann,0.34
Maja,0.34
Keevin,0.34
Jamail,0.34
Tosh,0.32
Rachana,0.32
Felishia,0.32
Tiffanny,0.28
Steele,0.28
Quartez,0.28
Thuan,0.43
Rosann,0.22
Joany,0.11
Ivori,0.06
Teresha,0.32
Goerge,0.32
Darneshia,0.32
Telina,0.15
Taryne,0.34
Najwa,0.18
Laresa,0.1
Talmage,0.34
Shelbey,0.18
Licia,0.1
Sumner,0.32
Stacye,0.32
Elon,0.32
Simcha,0.15
Silva,0.34
Rozanna,0.34
Osmar,0.34
Heena,0.34
Sigourney,0.28
Karleigh,0.28
Shermeka,0.54
Lorenda,0.27
Kendon,0.13
Jurell,0.07
Deliah,0.03
Sherene,0.34
Shalia,0.18
Pattie,0.1
Shemica,0.28
Czarina,0.28
Shayda,0.34
Lashika,0.18
Lanay,0.1
Shawntavia,0.43
Rozanne,0.22
Phillipe,0.11
Jaylon,0.06
Shatera,0.28
Ercia,0.28
Sharetta,0.24
Khristine,0.13
Santia,0.54
Randolf,0.27
Montanna,0.13
Mikhael,0.07
Lateasha,0.03
Rupert,0.28
Matty,0.28
Ronee,0.24
Lamond,0.13
Renne,0.21
Ragina,0.24
Donetta,0.13
Raffi,0.21
Phung,0.34
Katelynne,0.18
Farris,0.1
Philemon,0.28
Latron,0.28
Nieshia,0.34
Montie,0.18
Dashia,0.1
Nichoel,0.24
Katrese,0.13
Murad,0.28
Kolleen,0.28
Min,0.34
Jimmylee,0.18
Graydon,0.1
Marcanthony,0.34
Kylea,0.34
Kaileen,0.34
Frederico,0.34
Maija,0.28
Fernandez,0.28
Levell,0.15
Leshaun,0.21
Lenette,0.24
Latyra,0.13
Lasean,0.34
Jennessa,0.18
Dian,0.1
Lang,0.43
Katiana,0.22
Karee,0.11
Jacqulynn,0.06
Kristee,0.18
Kensey,0.24
Katerine,0.13
Jessicaann,0.15
Jemima,0.15
Jasimine,0.32
Eian,0.32
Delecia,0.32
Deleon,0.15
Deanglo,0.15
Cyndy,0.21
Cristyn,0.15
