Navin,3.32
Valen,161.04
Nery,3.78
Wolfgang,1.45
Rut,7.12
Lavetta,3.8
Kiira,7.3
Ulisses,5.14
Sable,2.32
Calais,0.69
Tashema,0.36
Jasimine,0.19
Naeemah,7.47
Laurinda,2.74
Tywana,5.17
Lexy,3.45
Lenee,2.91
Tequita,1.84
Sherria,1.84
Laytoya,1.84
Shaketta,6.64
Marcin,5.91
Tyriek,2.67
Dorrell,1.12
Avid,0.59
Daphnie,0.32
Philippa,6.55
Nalani,3.63
Tyrece,2.79
Meesha,4.04
Leeandra,1.72
Constantina,1.72
Shyann,3.98
Swati,5.06
Tynan,9.09
Piotr,3.88
Rainy,1.55
Jacqulynn,1.55
Matther,9.2
Tylan,4.0
Eda,1.12
Durwin,0.59
Cosmo,0.32
Tyeesha,7.05
Desha,1.01
Laurena,0.53
Darline,0.29
Sharea,5.21
Shahid,7.03
Tyeasha,5.34
Stacye,0.81
Nyeshia,0.45
Tashawn,7.05
Maghen,7.48
Marisabel,2.79
Tya,5.0
Christeen,1.72
Adric,1.72
Nikolos,1.72
Shermaine,9.32
Shahara,11.05
Travers,6.64
Sherrelle,3.58
Rayne,8.5
Ladarrius,1.97
Sian,0.27
Phung,0.13
Ivon,0.07
Chiquitta,0.03
Shalamar,5.53
Tramel,5.85
Lydon,6.27
Lekia,3.52
Kellin,6.27
Cheston,1.91
Orren,1.91
Granville,1.91
Sabre,3.69
Tong,5.84
Sintia,3.04
Katalina,1.61
Tomy,3.22
Johnhenry,1.61
Makala,6.16
Tocara,3.49
Alok,1.45
Orly,1.45
foreandr,50.6
Kian,10.09
Sinead,6.02
Timithy,4.7
Jamerson,1.72
Peng,1.72
Jessicaann,1.72
Kevyn,5.97
Tikisha,7.61
Teasha,1.12
Laresa,0.59
Delphine,0.32
Meggen,4.61
Shaynna,2.88
Thi,5.23
Lakeita,4.76
Terresa,3.56
Tabithia,5.26
Nitasha,3.14
Shariff,1.84
Gabrial,1.84
Darlena,1.84
Mahala,3.44
Terral,5.05
Kamau,1.72
Dorthea,1.72
Shatika,1.72
Rekeisha,6.12
Kirsti,3.59
Tereka,5.87
Keilah,2.95
Jannell,1.88
Janaye,1.88
Buffy,1.88
Vivianna,1.88
Rosevelt,1.88
Reana,3.27
Telly,3.67
Jaylon,1.72
Cornelio,1.72
Lyndsee,6.31
Tedd,13.96
Maida,1.37
Shanese,0.69
Meloney,0.36
Jenalyn,0.19
Shameca,8.69
Lanise,7.12
Tavarius,8.12
Philipp,3.28
Natavia,4.02
Henna,0.36
Yasser,0.19
Taunya,3.28
Storm,3.05
Gidget,1.72
Kylea,1.72
Denese,1.61
Andreanna,1.61
Myka,1.61
Daysi,1.61
Lavaris,4.56
Lady,5.24
Tarynn,5.56
Rosaline,8.55
Latish,0.5
Leoncio,5.05
Taquilla,3.79
Clarisse,0.9
Hina,0.5
Moise,3.65
Tanessa,6.11
Aqueelah,0.81
Senaida,0.45
Perrin,9.89
Rashunda,6.57
Taiwan,7.12
Danta,0.5
Sydnie,5.54
Keron,0.64
Michaelangelo,7.38
Steward,6.1
Rivky,9.42
Raisa,8.35
Manish,6.24
Shelbey,1.88
Reshawn,1.88
Demont,1.88
Shenise,8.35
Sophy,6.24
Krisandra,7.04
Gaelan,0.82
Marcanthony,0.41
Kristee,0.21
Cortina,0.11
Siomara,7.46
Reannon,4.7
Natale,3.55
Marnee,0.36
Cystal,0.19
Shenia,11.4
Laurice,3.99
Jozette,1.08
Flannery,0.54
Rajeev,0.27
Lenette,0.13
Kalila,0.07
Dereka,0.03
Kennan,3.68
Ry,3.63
Monae,3.17
Kateria,1.84
Jamile,1.84
Feras,1.84
Shoshannah,6.51
Leiah,3.78
Matty,1.45
Rahmel,12.43
Shirlene,2.91
Nirali,1.61
Graydon,1.61
Shimeka,5.46
Oracio,3.7
Branigan,0.69
Dominga,0.36
Danella,0.19
Sherrica,4.83
Columbus,1.79
Richrd,1.79
Jeremian,1.79
Jalena,1.79
Shatora,10.45
Rayanne,3.81
Misa,7.55
Eugina,0.54
Emmet,0.27
Tosh,0.13
Doninique,0.07
Deliah,0.03
Lissete,6.57
Sherine,6.07
Deatrice,0.9
Dontavius,0.5
Saulo,2.42
Neale,2.91
Sherea,6.62
Teresha,1.79
Philemon,1.79
Ellisa,1.79
Cleophus,1.79
Shakeisha,6.6
Ikeem,1.88
Florian,1.88
Averi,1.88
Sherene,1.88
Sereena,1.88
Rasheida,1.88
Rosann,1.61
Munir,4.76
Shean,7.85
Tyna,1.55
Jiles,1.55
Eduard,1.55
Letesha,7.17
Shazia,3.53
Marialuisa,2.19
Keevin,0.59
Cristyn,0.32
Oneil,3.78
Marah,2.88
Raya,4.76
Shaylin,5.04
Trinette,0.9
Ronel,0.5
Shaya,2.57
Riane,5.86
Shavanna,5.2
Jaelyn,1.89
Daneen,0.94
Tel,0.47
Telina,0.24
Minette,0.12
Lakina,0.06
Shauntell,5.72
Ludivina,5.99
Cartez,0.82
Rashaud,0.41
Mikhael,0.21
Karilynn,0.11
Sadaf,3.17
Heba,1.84
Bette,1.84
Richad,1.84
Domanique,1.84
Rayshun,4.59
Sharrod,3.53
Natesha,4.21
Kilee,3.49
Tracyann,1.88
Randolf,1.88
Doneisha,1.88
Corene,1.88
Sharri,3.45
Osualdo,2.88
Khaliah,2.88
Kawanda,1.55
Nishant,1.61
Nichalas,1.61
Shaquala,3.62
Shallon,3.58
Shamon,8.29
Licia,1.79
Jeffifer,1.79
Donnielle,1.79
Czarina,1.79
Beverley,1.45
Dayvon,1.45
Melena,8.24
Kyria,3.04
Ellisha,1.43
Shalandra,8.8
Shaindy,4.63
Caralyn,0.36
Mynor,0.19
Kendrea,9.8
Clarrisa,1.72
Devion,1.72
Nuvia,4.31
Ambyr,1.88
Yamile,1.88
Nocole,1.88
Mirtha,1.88
Lebron,1.88
Dovie,1.88
Germany,1.72
Osiris,1.72
Lasean,1.72
Kegan,2.55
Shakeela,3.04
Dashawna,1.61
Catherina,1.61
Darran,1.23
Yu,0.63
Sheanna,0.32
Dezaray,0.17
Matthieu,9.96
Shadrick,4.12
Chenise,1.88
Tully,1.88
Stehanie,1.88
Shraga,1.88
Salma,1.88
Goerge,1.88
Monchel,5.12
Seng,5.04
Keiko,0.5
Talmage,0.5
Satoya,3.13
Calan,0.9
Katalin,0.5
Sarahi,7.45
Unknown,1.61
Lin,1.61
Lawonda,1.61
Lanay,1.61
Sameul,3.27
Anntoinette,1.61
Ronee,1.61
Samanthajo,4.28
Ames,1.88
Tiffanny,1.88
Jarmar,1.88
Heena,1.88
Halima,1.88
Gwendolynn,1.88
Marvel,5.61
Samad,4.34
Kimbely,3.0
Gibson,0.59
Shardea,0.32
Lorretta,3.45
Osha,2.08
Kristia,1.61
Lakendria,5.73
Hillarie,1.12
Carmilla,0.59
Aimie,0.32
Roshell,3.5
Kalinda,1.72
Maryn,1.72
Katerine,1.72
Kelleen,4.94
Romaine,2.78
Elmo,0.9
Tresha,0.5
Jennifier,1.84
Hellen,1.84
Diandre,1.84
Zaid,1.84
Raizy,1.84
Rockie,1.55
Megon,1.55
Levell,1.55
Maire,18.86
Keenon,1.37
Charisa,0.69
Perez,0.36
Delecia,0.19
Raynell,5.2
Rahiem,4.68
Klarissa,3.27
Cristela,0.47
Phallon,0.24
Maressa,0.12
Lark,0.06
Alika,1.43
Juanantonio,1.63
Antoniette,0.82
Terez,0.41
Shayda,0.21
Montie,0.11
Ranee,1.72
Austyn,1.72
Jazzlyn,1.72
Taniya,0.69
Shakeitha,0.36
Karleigh,0.19
Naida,3.92
Radhika,4.0
Marry,1.72
Kenon,3.15
Aundria,1.72
Quinlan,2.98
Maylene,1.55
Janan,1.55
Imad,1.55
Lashonta,7.07
Prudence,3.59
Omid,5.21
Majid,4.57
Cyntia,1.88
Ravon,1.88
Keshana,1.88
Demarko,1.88
Marlea,5.92
Jones,1.61
Gaurav,1.61
Ileen,0.9
Timisha,0.5
Orlanda,10.04
Yomara,0.94
Terilyn,0.47
Tata,0.24
Letoria,0.12
Kareena,0.06
Noella,2.38
Odis,2.11
Lesha,7.52
Perfecto,2.11
Mischa,2.11
Mikaila,2.11
Demone,0.59
Ruperto,0.32
Lyndia,3.27
Norvell,2.5
Noland,3.88
Cornelious,1.29
Laketha,2.98
Niraj,2.76
Rolonda,1.43
Nikea,3.39
Tuyen,1.55
Fradel,1.55
Nashira,3.44
Nicloe,3.91
Kristalyn,4.05
Aldrich,1.72
Shermeka,1.72
Neomi,4.29
Dinora,1.79
Brionne,1.79
Alese,1.79
Digna,1.79
Nekeisha,3.13
Jonette,0.9
Joane,0.5
Mellanie,2.41
Naveen,4.12
Augustina,1.61
Latitia,1.61
Natlie,3.25
Linna,2.33
Dian,0.5
Natarsha,4.94
Maricruz,5.37
Farris,1.61
Elizabth,1.61
Latrelle,8.34
Nasreen,3.06
Zedrick,1.45
Lorenda,1.45
Lacrystal,6.72
Micaella,3.01
Natan,1.72
Dorion,1.72
Nary,3.27
Jalynn,1.84
Donesha,1.84
Alnisa,1.84
Elsbeth,1.84
Kammie,1.91
Carma,1.91
Khang,1.91
Dessa,1.91
Darlyn,1.91
Georgie,1.12
Marwan,0.59
Deleon,0.32
Nahum,5.1
Marwa,3.32
Naketa,0.47
Iran,0.24
Conway,0.12
Chessie,0.06
Kemper,4.24
Quartez,1.91
Latyra,1.91
Jamichael,1.91
Iban,1.91
Dayla,1.91
Courteney,1.91
Nadim,4.04
Candas,1.37
Anthea,0.69
Shawntavia,0.36
Pattie,0.19
Latisa,2.86
Ammy,1.79
Kandise,1.79
Frederico,1.79
Lamia,0.81
Jermone,0.45
Korrin,4.09
Verne,1.29
Meyer,3.17
Eliel,0.69
Derika,0.36
Ferrell,0.19
Marvina,3.96
Clem,0.82
Venice,0.41
Habib,0.21
Ginia,0.11
Melaney,3.51
Lataisha,3.12
Demonica,1.79
Mariette,1.79
Dimitris,1.79
Tanay,0.9
Selma,0.5
Marqueta,6.08
Katieann,1.72
Dynasty,1.72
Jammi,2.42
Caila,1.21
Tyris,0.6
Shalia,0.3
Sanna,0.15
Kreig,0.07
Jury,0.03
Dalilah,0.01
Marylin,5.04
Anastasios,0.9
Rupert,0.5
Lavonte,0.71
Katye,2.15
Donovon,1.08
Babatunde,0.54
Arelys,0.27
Laniece,0.13
Kendon,0.07
Demarquis,0.03
Chadley,1.55
Halli,1.55
Delwyn,1.55
Lovette,4.31
Marceline,5.97
Mitzy,1.61
Joany,1.61
Faris,1.61
Maigan,2.2
Kirstyn,5.48
Tarran,0.59
Reynolds,0.32
Amisha,1.43
Lakeeta,2.73
Jehu,0.59
Shawntelle,0.32
Lovie,4.42
Steele,1.88
Maylin,1.88
Jacquilyn,1.88
Ivori,1.88
Faheem,1.88
Ephriam,1.88
Latroya,3.45
Emmily,1.61
Kandas,1.84
Hermes,1.84
Constantino,1.84
Bodie,1.84
Nafis,1.84
Lord,8.08
Jun,1.61
Rozanna,1.61
Kerilyn,2.7
Karessa,0.82
Gessica,0.41
Tiffinie,0.21
Leaha,0.11
Lisett,3.56
Chadric,1.72
Terrina,1.72
Fatina,1.72
Laquinton,3.27
Lindsee,2.4
Lerin,2.44
Lequita,4.14
Katrinia,1.37
Min,0.69
Dutch,0.36
Cricket,0.19
Jamarl,1.72
Naaman,1.72
Latrica,1.72
Lenita,2.15
Konstantina,6.7
Lawton,5.04
Jeanell,1.37
Joh,0.69
Jemima,0.36
Chrysta,0.19
Latresha,4.05
Johnisha,1.72
Detric,1.72
Crystalee,1.72
Latrease,5.05
Gretel,1.72
Tanica,1.72
Dameion,1.72
Laranda,6.22
Luci,1.43
Klaus,5.48
Laurina,0.59
Hashim,0.32
Laquanna,3.04
Terisa,1.43
Roshaunda,0.9
Justeen,0.5
Gibran,1.61
Fadi,1.61
Kristien,2.86
Crystol,1.43
Rozanne,1.61
Jimmylee,1.61
Kandiss,1.29
Kirbi,7.12
Eian,0.9
Cigi,0.5
Jujuan,1.61
Cederic,1.61
Kenzi,3.21
Lesia,1.43
Dierdre,1.84
Saadia,1.84
Rakeisha,1.84
Nazia,1.84
Etan,1.84
Jacorey,4.04
Arlis,2.02
Wil,1.01
Sinclair,0.5
Nieshia,0.25
Mithcell,0.12
Michaelene,0.06
Kameka,0.03
Georgeann,0.01
Keary,1.61
Shanara,1.61
Corinda,1.61
Keagan,1.07
Kawan,1.84
Demitri,1.84
Parag,1.84
Jovonda,1.84
Flavia,1.84
Deanglo,1.84
Kashena,1.25
Ladawna,0.71
Kamber,1.43
Mayda,1.43
Juluis,3.24
Erskine,1.63
Eddrick,0.82
Ahren,0.41
Tauna,0.21
Ellsworth,0.11
Joye,0.8
Joelene,2.2
Angila,1.12
Yonatan,0.59
Theodor,0.32
Jinna,2.71
Brycen,1.37
Shastina,0.69
Latron,0.36
Kenith,0.19
Ji,1.71
Welton,0.9
Marylu,0.5
Jetta,1.43
Shanieka,1.43
Jessicah,1.84
Donzell,1.84
Ruddy,1.84
Phillipe,1.84
Ivorie,1.84
Elbony,1.84
Jerami,1.71
Ciana,0.9
Khristine,0.5
Jerame,2.2
Zoltan,1.12
Zan,0.59
Sandor,0.32
Jenia,1.61
Derrian,1.61
Cecila,1.61
Jenah,3.24
Tashiana,1.63
Sanam,0.82
Kewanna,0.41
Katelynne,0.21
Kaileen,0.11
Jazma,2.71
Anas,1.37
Zaira,0.69
Mazen,0.36
Cyndy,0.19
Javin,2.71
Husain,1.37
Labrandon,0.69
Jakeb,0.36
Dariel,0.19
Javar,1.29
Elzie,1.29
Jameika,1.71
Dat,0.9
Shemica,0.5
Jacquie,1.84
Alphonzo,1.84
Lajuana,1.84
Kensey,1.84
Jurell,1.84
Dorell,1.84
Jackqueline,2.71
Wilford,1.37
Viktor,0.69
Shandria,0.36
Osmar,0.19
Hollye,1.25
Cesilia,0.71
Hoda,1.61
Maja,1.61
Leshaun,1.61
Hinda,1.61
Lateasha,1.61
Emy,1.61
Hiliary,1.43
Dallan,1.43
Heston,1.25
Ronetta,0.71
Hernando,1.72
Lisaann,1.72
Kelan,1.72
Doni,1.72
Harland,1.07
Grayling,1.43
Rachana,1.43
Gigi,1.25
Darneshia,0.71
Filipe,1.71
Auburn,0.9
Shardee,0.5
Faiza,1.25
Keala,0.71
Erickson,1.25
Dmario,0.71
Ellice,1.84
Sigourney,1.84
Murad,1.84
Mehdi,1.84
Jeorge,1.84
Ferris,1.84
Edlyn,1.61
Lakeyia,1.61
Gerod,1.61
Dwaun,0.8
Donnette,2.2
Burl,1.12
Jamill,0.59
Dillion,0.32
Donivan,3.24
Abeer,1.63
Wali,0.82
Santia,0.41
Kolleen,0.21
Daphnee,0.11
Domingue,1.61
Krissi,1.61
Christien,1.61
Diontae,1.79
Tonimarie,1.79
Olivier,1.79
Kalandra,1.79
Felishia,1.79
Denitra,1.43
Nuria,1.43
Demeka,1.61
Calisha,1.61
Kendyll,1.61
Delray,1.72
Darrious,1.72
Shannette,1.72
Shady,1.72
Davi,1.43
Leng,1.43
Dannon,1.25
Vina,0.71
Danh,1.43
Debi,1.43
Dai,2.2
Valena,1.12
Simcha,0.59
Shanesha,0.32
Coralee,2.2
Brandii,1.12
Sharli,0.59
Jad,0.32
Chrissa,2.2
Taryne,1.12
Sesar,0.59
Gizelle,0.32
Chistina,1.71
Azalia,0.9
Jenean,0.5
Chioma,0.8
Chauntel,1.07
Charmane,1.79
Archana,1.79
Silva,1.79
Najwa,1.79
Nachum,1.79
Charletta,1.71
Joshwa,0.9
Dashia,0.5
Charda,1.43
Danitza,1.43
Celinda,1.43
Marleny,1.43
Calvina,1.84
Yuriana,1.84
Shenee,1.84
Rika,1.84
Katiana,1.84
Hezekiah,1.84
Brit,0.8
Brinson,1.61
Sokha,1.61
Renna,1.61
Brighid,1.25
Jennessa,0.71
Breland,1.25
Sumner,0.71
Beckie,1.43
Ronnisha,1.43
Atavia,0.8
Astin,1.43
Arnetta,1.43
Anise,1.71
Shauntelle,0.9
Jawanna,0.5
Amaury,1.25
Johnnetta,0.71
Algernon,1.07
Agostino,1.43
Sharetta,1.43
Abimael,0.96
Zana,2.71
Tyechia,1.37
Rj,0.69
Krislyn,0.36
Donia,0.19
Yousif,0.8
Yehudah,1.79
Shatonya,1.79
Leaann,1.79
Fernandez,1.79
Donella,1.79
Yahya,1.43
Ilyse,1.43
Wren,1.71
Laqueena,0.9
Lang,0.5
Witney,1.43
Katiejo,1.43
Vic,0.8
Varonica,1.79
Phuoc,1.79
Oziel,1.79
Letasha,1.79
Kamika,1.79
Vana,2.2
Lenae,1.12
Kaven,0.59
Jamiee,0.32
Travion,1.25
Sherin,0.71
Trapper,1.25
Estanislao,0.71
Torris,1.25
Fredrica,0.71
Tiphany,1.25
Jw,0.71
Thuan,1.43
Cushena,1.43
Thierry,1.07
Teyona,1.25
Chesney,0.71
Tarvis,2.2
Sayed,1.12
Lashika,0.59
Gwynne,0.32
Taquia,1.25
Roshanna,0.71
Taneika,1.61
Saxon,1.61
Ladell,1.61
Socrates,1.61
Resha,1.61
Diara,1.61
Shilah,2.2
Lamorris,1.12
Katilyn,0.59
Jannel,0.32
Sherrika,0.8
Sherif,0.8
Shella,1.25
Shaquitta,0.71
Shatera,1.72
Kindel,1.72
Karee,1.72
Kammy,1.72
Sharna,1.07
Shantai,1.61
Jenniferann,1.61
Elon,1.61
Shaneen,1.72
Shadeed,1.72
Marshae,1.72
Ginnie,1.72
Shamra,1.07
Semaj,2.2
Merica,1.12
Kollin,0.59
Dezeray,0.32
Rudolf,1.43
Jeronica,1.43
Ronette,1.07
Renne,1.72
Lamond,1.72
Jerson,1.72
Delois,1.72
Rea,1.25
Isla,0.71
Ragina,1.07
Raffi,1.43
Maija,1.43
Nyasia,0.8
Nichoel,0.8
Nhan,1.07
Montanna,0.96
Mariaguadalupe,1.07
Makeba,1.07
Luan,0.8
Keishia,1.43
Felipa,1.43
Kearra,1.07
Katrese,1.43
Davaughn,1.43
Jennife,1.07
Jamail,1.25
Donetta,0.71
Irina,1.25
Destanie,0.71
Griselle,1.71
Ercia,0.9
Danie,0.5
Feather,1.07
Eula,0.8
Eberardo,0.8
Delinda,0.8
Crystalann,1.07
Cherina,0.8
