Marvel,0.6
Valen,7.5
Shavanna,0.18
Natale,0.21
Charmane,0.03
Zedrick,0.01
Shalandra,0.35
Sadaf,0.6
Ulisses,0.33
Melena,0.11
Lavetta,0.13
Latrease,0.12
Anntoinette,0.01
Telly,0.27
Tywana,0.3
Rekeisha,0.17
Maricruz,0.37
Lydon,0.14
Lissete,0.23
Aundria,0.14
Archana,0.14
Vic,0.14
Raffi,0.14
Tya,0.25
Tyriek,0.26
Raya,0.13
Kyria,0.18
Tyrece,0.24
Talmage,0.11
Shawntavia,0.11
Shimeka,0.43
Noland,0.23
Tynan,0.35
Jacquie,0.12
Grayling,0.12
Senaida,0.12
Tarynn,0.37
Naida,0.2
Tylan,0.31
Philippa,0.32
Letesha,0.21
Ellice,0.12
foreandr,2.6
Rosaline,0.36
Tyeesha,0.33
Kerilyn,0.16
Keenon,0.03
Sharea,0.26
Tyeasha,0.15
Osualdo,0.28
Latroya,0.22
Jannell,0.12
Dashawna,0.04
Travers,0.43
Tabithia,0.3
Heston,0.12
Denese,0.12
Radhika,0.32
Tramel,0.27
Shauntelle,0.04
Melaney,0.22
Marqueta,0.5
Tong,0.48
Kristalyn,0.26
Jaelyn,0.05
Calisha,0.02
Shadeed,0.01
Kirstyn,0.16
Tomy,0.05
Kian,0.33
Tocara,0.16
Linna,0.16
Laquinton,0.13
Makala,0.32
Shameca,0.39
Timithy,0.28
Kellin,0.52
Randolf,0.03
Lyndsee,0.43
Tikisha,0.13
Nashira,0.25
Kateria,0.13
Vivianna,0.13
Rj,0.13
Thi,0.45
Seng,0.27
Zaira,0.11
Lady,0.21
Terresa,0.16
Nuvia,0.27
Terral,0.29
Kirsti,0.24
Jinna,0.13
Verne,0.13
Rudolf,0.13
Rea,0.13
Shamon,0.6
Sophy,0.29
Tereka,0.22
Ikeem,0.04
Latisa,0.16
Shaindy,0.44
Tedd,0.37
Lovie,0.2
Anthea,0.11
Najwa,0.11
Omid,0.76
Rayne,0.33
Tavarius,0.12
Sesar,0.06
Phillipe,0.03
Sydnie,0.38
Taunya,0.39
Clem,0.06
Charletta,0.03
Lyndia,0.17
Tashawn,0.35
Celinda,0.1
Rahmel,0.49
Shalamar,0.31
Donovon,0.13
Cyntia,0.13
Cristela,0.13
Taquilla,0.12
Sumner,0.09
Philipp,0.22
Sameul,0.29
Tanessa,0.24
Rayshun,0.2
Eugina,0.13
Erickson,0.13
Nazia,0.13
Laquanna,0.25
Taiwan,0.12
Shaquala,0.21
Marwa,0.26
Rolonda,0.12
Meesha,0.31
Swati,0.24
Kiira,0.29
Storm,0.21
Shalia,0.06
Ragina,0.03
Naeemah,0.38
Shaynna,0.24
Steward,0.15
Joye,0.13
Columbus,0.13
Shawntelle,0.13
Hollye,0.1
Sintia,0.27
Siomara,0.27
Saulo,0.24
Piotr,0.21
Daneen,0.12
Kevyn,0.19
Sinead,0.19
Shahara,0.12
Charisa,0.12
Ravon,0.12
Niraj,0.44
Shyann,0.42
Lenita,0.08
Gretel,0.04
Shatonya,0.02
Maigan,0.2
Shoshannah,0.53
Silva,0.12
Shelbey,0.12
Orren,0.12
Shakeela,0.21
Shirlene,0.24
Lequita,0.22
Shanese,0.11
Shean,0.43
Elmo,0.04
Matthieu,0.43
Sherrica,0.21
Stacye,0.11
Ronette,0.11
Sherrelle,0.23
Sian,0.13
Sherene,0.13
Sharli,0.13
Ruddy,0.13
Phung,0.13
Keilah,0.22
Shermaine,0.24
Shatora,0.27
Kimbely,0.24
Sherine,0.24
Arlis,0.04
Matther,0.33
Sherea,0.22
Angila,0.06
Shella,0.03
Sable,0.25
Marialuisa,0.22
Shenise,0.19
Shemica,0.1
Natlie,0.24
Shenia,0.43
Zan,0.11
Rashaud,0.11
Lenee,0.21
Kendrea,0.13
Jerame,0.03
Eddrick,0.01
Lakendria,0.22
Shazia,0.08
Gidget,0.04
Varonica,0.11
Sherif,0.11
Ludivina,0.42
Shaylin,0.31
Denitra,0.04
Calvina,0.02
Shaya,0.2
Joane,0.1
Flannery,0.1
Nitasha,0.26
Shauntell,0.23
Marceline,0.28
Hinda,0.12
Amaury,0.12
Sharrod,0.21
Ciana,0.1
Sharri,0.29
Lexy,0.15
Lanise,0.13
Rozanne,0.02
Marisabel,0.24
Leoncio,0.13
Klaus,0.22
Perfecto,0.13
Latrelle,0.39
Astin,0.04
Roshanna,0.02
Tresha,0.12
Shilah,0.12
Nichoel,0.12
Shallon,0.17
Shermeka,0.1
Shaketta,0.16
Monae,0.36
Joelene,0.13
Caralyn,0.13
Rakeisha,0.13
Kegan,0.21
Shakeisha,0.28
Samanthajo,0.14
Taryne,0.11
Rivky,0.28
Lavaris,0.14
Lataisha,0.43
Lerin,0.14
Yomara,0.02
Nikea,0.26
Noella,0.12
Shahid,0.23
Shadrick,0.15
Clarisse,0.08
Socrates,0.04
Sanam,0.02
Navin,0.24
Satoya,0.21
Norvell,0.21
Rut,0.38
Ry,0.16
Sarahi,0.27
Emmet,0.11
Selma,0.11
Ranee,0.19
Harland,0.1
Konstantina,0.43
Samad,0.23
Marcin,0.16
Jessicah,0.04
Tosh,0.02
Oneil,0.36
Diontae,0.13
Brycen,0.13
Rosann,0.13
Sabre,0.2
Kalinda,0.1
Roshell,0.27
Nekeisha,0.22
Brit,0.11
Maida,0.42
Maire,0.31
Perrin,0.22
Jehu,0.03
Hillarie,0.09
Misa,0.39
Romaine,0.22
Kammie,0.12
Tiffanny,0.12
Richrd,0.12
Klarissa,0.34
Lisett,0.06
Yuriana,0.03
Rahiem,0.67
Riane,0.24
Delray,0.04
Latresha,0.28
Reannon,0.44
Chadley,0.03
Osha,0.24
Reana,0.15
Raynell,0.21
Saadia,0.1
Hiliary,0.1
Rayanne,0.3
Saxon,0.11
Quartez,0.11
Rashunda,0.28
Mahala,0.16
Lacrystal,0.19
Carma,0.09
Raisa,0.22
Tiffinie,0.09
Nocole,0.12
Quinlan,0.16
Parag,0.09
Prudence,0.27
Shastina,0.08
Naketa,0.04
Nafis,0.02
Khaliah,0.43
Chauntel,0.12
Wilford,0.12
Orlanda,0.3
Zoltan,0.13
Shariff,0.13
Oracio,0.22
Marry,0.24
Jerami,0.13
Arnetta,0.13
Alika,0.13
Richad,0.13
Lesha,0.42
Tuyen,0.04
Salma,0.02
Odis,0.27
Terisa,0.11
Sanna,0.11
Danh,0.11
Bodie,0.11
Natavia,0.16
Phuoc,0.1
Nicloe,0.28
Yamile,0.08
Trinette,0.04
Shady,0.02
Nery,0.28
Sheanna,0.03
Neale,0.19
Neomi,0.22
Henna,0.11
Zaid,0.11
Monchel,0.21
Yonatan,0.04
Ruperto,0.06
Nhan,0.03
Naveen,0.28
Ladarrius,0.16
Natesha,0.48
Leiah,0.36
Kashena,0.07
Dorrell,0.03
Torris,0.01
Wil,0.04
Natarsha,0.2
Jacorey,0.11
Bette,0.11
Lindsee,0.31
Nasreen,0.19
Jazma,0.04
Nary,0.09
Marlea,0.18
Nalani,0.22
Telina,0.11
Nadim,0.24
Donnette,0.04
Nahum,0.21
Korrin,0.13
Tashiana,0.03
Beverley,0.1
Tel,0.04
Munir,0.08
Tyris,0.04
Krisandra,0.22
Kemper,0.22
Moise,0.31
Diandre,0.04
Lawton,0.29
Kamau,0.13
Juanantonio,0.13
Constantino,0.13
Brandii,0.13
Tarvis,0.13
Michaelangelo,0.19
Shenee,0.1
Micaella,0.22
Kelleen,0.16
Alese,0.04
Tashema,0.02
Meyer,0.24
Mellanie,0.22
Roshaunda,0.11
Nikolos,0.11
Shakeitha,0.04
Meggen,0.41
Jamarl,0.13
Gigi,0.07
Babatunde,0.03
Trapper,0.01
Kristien,0.19
Kenon,0.04
Wali,0.02
Laurinda,0.18
Jenah,0.1
Marylin,0.07
Marvina,0.21
Taneika,0.11
Sharetta,0.11
Anastasios,0.06
Rajeev,0.03
Marah,0.22
Stehanie,0.06
Perez,0.03
Manish,0.33
Demitri,0.1
Timisha,0.03
Majid,0.16
Reshawn,0.04
Raizy,0.1
Maghen,0.24
Gaelan,0.04
Atavia,0.02
Juluis,0.11
Jujuan,0.11
Lovette,0.16
Kenzi,0.19
Lorretta,0.14
Lashonta,0.43
Lord,0.31
Tequita,0.08
Rozanna,0.04
Osmar,0.02
Jameika,0.08
Dai,0.04
Terrina,0.02
Lekia,0.08
Auburn,0.04
Lavonte,0.35
Antoniette,0.06
Shaneen,0.03
Keagan,0.04
Laurice,0.22
Deatrice,0.11
Renna,0.11
Hellen,0.12
Amisha,0.12
Vana,0.12
Alphonzo,0.06
Tyna,0.03
Laranda,0.05
Laketha,0.08
Donzell,0.04
Lakeita,0.2
Azalia,0.11
Tiphany,0.11
Lakeeta,0.18
Cartez,0.11
Philemon,0.11
Jammi,0.13
Breland,0.13
Aldrich,0.13
Olivier,0.13
Cesilia,0.11
Zana,0.11
Kirbi,0.19
Jennifier,0.1
Kilee,0.15
Tanica,0.04
Adric,0.1
Jamerson,0.12
Tata,0.12
Sereena,0.12
Kennan,0.27
Dannon,0.12
Tauna,0.12
Rika,0.12
Gibran,0.1
Keary,0.1
Domingue,0.1
Kawan,0.08
Florian,0.04
Katye,0.08
Darrious,0.04
Katrinia,0.12
Husain,0.06
Derrian,0.03
Katieann,0.05
Karessa,0.11
Jenia,0.11
Sharna,0.11
Kandas,0.1
Johnisha,0.1
Kamber,0.1
Santia,0.1
Jun,0.07
Jozette,0.08
Sandor,0.04
Jonette,0.1
Teresha,0.1
Ji,0.12
Germany,0.06
Shayda,0.03
Jetta,0.11
Sigourney,0.11
Shantai,0.11
Jeanell,0.12
Heba,0.12
Gibson,0.12
Rockie,0.12
Javin,0.1
Calan,0.1
Javar,0.07
Janaye,0.12
Georgie,0.12
Welton,0.12
Shatera,0.12
Jalynn,0.11
Dynasty,0.11
Natan,0.11
Jackqueline,0.1
Chadric,0.1
Ileen,0.12
Cederic,0.06
Rupert,0.03
Hoda,0.08
Sayed,0.04
Hernando,0.05
Hermes,0.08
Aimie,0.04
Gessica,0.11
Witney,0.11
Taniya,0.11
Filipe,0.05
Faiza,0.12
Chenise,0.12
Theodor,0.12
Semaj,0.12
Fadi,0.1
Donesha,0.1
Erskine,0.11
Edlyn,0.11
Reynolds,0.11
Eliel,0.05
Dwaun,0.05
Dorthea,0.08
Nishant,0.04
Donivan,0.09
Alnisa,0.09
Dinora,0.07
Dierdre,0.12
Cheston,0.06
Brionne,0.03
Desha,0.07
Derika,0.1
Tonimarie,0.1
Demonica,0.1
Caila,0.1
Demone,0.1
Oziel,0.1
Demeka,0.07
Davi,0.1
Abeer,0.1
Dat,0.07
Darran,0.1
Algernon,0.1
Danta,0.07
Cornelious,0.05
Coralee,0.08
Teyona,0.04
Clarrisa,0.08
Shannette,0.04
Christeen,0.12
Brinson,0.06
Tyechia,0.03
Chrissa,0.08
Steele,0.04
Chistina,0.12
Simcha,0.06
Shandria,0.03
Chioma,0.1
Valena,0.1
Charda,0.07
Cecila,0.11
Alok,0.11
Wren,0.11
Catherina,0.05
Carmilla,0.09
Unknown,0.09
Candas,0.1
Venice,0.1
Calais,0.07
Burl,0.07
Buffy,0.12
Andreanna,0.12
Ames,0.12
Tarran,0.12
Brighid,0.05
Branigan,0.07
Beckie,0.12
Yu,0.12
Tracyann,0.12
Sokha,0.12
Avid,0.1
Ammy,0.1
Averi,0.07
Austyn,0.08
Shaquitta,0.04
Augustina,0.08
Arelys,0.04
Aqueelah,0.15
Ahren,0.08
Wolfgang,0.04
Rainy,0.02
Anise,0.1
Nyeshia,0.1
Anas,0.1
Nichalas,0.1
Ambyr,0.05
Agostino,0.08
Tully,0.04
Abimael,0.05
Yousif,0.08
Viktor,0.04
Yehudah,0.07
Yasser,0.1
Nuria,0.1
Yahya,0.12
Teasha,0.06
Nirali,0.03
Vina,0.1
Ronel,0.1
Travion,0.1
Peng,0.1
Thuan,0.12
Tanay,0.06
Rachana,0.03
Thierry,0.11
Shanieka,0.11
Orly,0.11
Terilyn,0.07
Terez,0.05
Taquia,0.07
Sinclair,0.1
Ronnisha,0.1
Sherrika,0.05
Sherria,0.05
Sherin,0.05
Shatika,0.1
Nyasia,0.1
Shardea,0.07
Shanara,0.05
Ronetta,0.05
Ronee,0.05
Renne,0.07
Rasheida,0.08
Osiris,0.04
Phallon,0.05
Nieshia,0.05
Nachum,0.07
